label,strategy_full,kind,context_recall,context_precision,faithfulness,answer_relevancy,overall
"v1
baseline",baseline,stage,0.6836419753086419,0.6132075471160378,0.7543775280007164,0.6890378256328172,0.6850662190145533
"v2
修路由+清洗",baseline_v2_clean,stage,0.7716666666666666,0.6576086955924817,0.839839354545237,0.7991810991748549,0.76707395399481
"v3
hybrid",hybrid_v1,stage,0.8944444444444445,0.7968749999299479,0.8288417764040883,0.767714464472006,0.8219689213126217
"v4
+rerank-base
(失败)",hybrid_rerank_v1,failed,0.828125,0.7954545453835227,0.8042527286764289,0.5654508032831224,0.7483207693357685
"v5
+rerank-m3",hybrid_rerank_v2_m3,final,0.888888888888889,0.777173912972192,0.8513253400553169,0.9305632297526353,0.8619878429172583
